subject_id,full_name
SUBJ-0001,Jamie Nguyen
SUBJ-0002,Riley Jensen
SUBJ-0003,Rowan Singh
SUBJ-0004,Reese Diaz
SUBJ-0005,Jamie Singh
SUBJ-0006,Quinn Nguyen
SUBJ-0007,Morgan Foster
SUBJ-0008,Riley Kim
SUBJ-0009,Hayden Nguyen
SUBJ-0010,Riley Carter
SUBJ-0011,Avery Irwin
SUBJ-0012,Riley Reyes
SUBJ-0013,Rowan Foster
SUBJ-0014,Casey Reyes
SUBJ-0015,Emerson Carter
SUBJ-0016,Jamie Nguyen
SUBJ-0017,Cameron Moore
SUBJ-0018,Jamie Nguyen
SUBJ-0019,Quinn Ortiz
SUBJ-0020,Taylor Carter
SUBJ-0021,Quinn Moore
SUBJ-0022,Jordan Bennett
SUBJ-0023,Avery Reyes
SUBJ-0024,Quinn Bennett
SUBJ-0025,Skyler Nguyen
SUBJ-0026,Taylor Singh
SUBJ-0027,Rowan Jensen
SUBJ-0028,Drew Reyes
SUBJ-0029,Reese Lopez
SUBJ-0030,Morgan Singh
SUBJ-0031,Casey Moore
SUBJ-0032,Riley Jensen
SUBJ-0033,Emerson Hayes
SUBJ-0034,Hayden Jensen
SUBJ-0035,Jordan Lopez
SUBJ-0036,Taylor Patel
SUBJ-0037,Morgan Foster
SUBJ-0038,Casey Moore
SUBJ-0039,Riley Nguyen
SUBJ-0040,Casey Kim
SUBJ-0041,Cameron Patel
SUBJ-0042,Emerson Kim
SUBJ-0043,Riley Ortiz
SUBJ-0044,Jordan Hayes
SUBJ-0045,Avery Singh
SUBJ-0046,Avery Grant
SUBJ-0047,Jordan Singh
SUBJ-0048,Riley Reyes
SUBJ-0049,Riley Jensen
SUBJ-0050,Riley Patel
SUBJ-0051,Emerson Irwin
SUBJ-0052,Emerson Ortiz
SUBJ-0053,Jordan Irwin
SUBJ-0054,Skyler Nguyen
SUBJ-0055,Riley Foster
SUBJ-0056,Avery Irwin
SUBJ-0057,Jordan Hayes
SUBJ-0058,Hayden Moore
SUBJ-0059,Emerson Singh
SUBJ-0060,Alex Patel
SUBJ-0061,Drew Hayes
SUBJ-0062,Alex Reyes
SUBJ-0063,Riley Singh
SUBJ-0064,Casey Carter
SUBJ-0065,Morgan Bennett
SUBJ-0066,Morgan Nguyen
SUBJ-0067,Rowan Ortiz
SUBJ-0068,Drew Carter
SUBJ-0069,Taylor Grant
SUBJ-0070,Taylor Grant
SUBJ-0071,Jordan Singh
SUBJ-0072,Alex Bennett
SUBJ-0073,Drew Ortiz
SUBJ-0074,Reese Carter
SUBJ-0075,Cameron Jensen
SUBJ-0076,Cameron Diaz
SUBJ-0077,Emerson Nguyen
SUBJ-0078,Emerson Jensen
SUBJ-0079,Alex Singh
SUBJ-0080,Cameron Reyes
SUBJ-0081,Skyler Foster
SUBJ-0082,Avery Hayes
SUBJ-0083,Drew Bennett
SUBJ-0084,Avery Bennett
SUBJ-0085,Alex Moore
SUBJ-0086,Morgan Jensen
SUBJ-0087,Riley Jensen
SUBJ-0088,Rowan Ortiz
SUBJ-0089,Rowan Carter
SUBJ-0090,Emerson Ortiz
SUBJ-0091,Jordan Kim
SUBJ-0092,Cameron Irwin
SUBJ-0093,Taylor Irwin
SUBJ-0094,Hayden Reyes
SUBJ-0095,Quinn Bennett
SUBJ-0096,Jordan Irwin
SUBJ-0097,Casey Jensen
SUBJ-0098,Emerson Irwin
SUBJ-0099,Reese Irwin
SUBJ-0100,Rowan Diaz
SUBJ-0101,Riley Grant
SUBJ-0102,Quinn Grant
SUBJ-0103,Riley Carter
SUBJ-0104,Riley Patel
SUBJ-0105,Drew Patel
SUBJ-0106,Avery Bennett
SUBJ-0107,Quinn Jensen
SUBJ-0108,Skyler Diaz
SUBJ-0109,Alex Grant
SUBJ-0110,Rowan Hayes
SUBJ-0111,Casey Moore
SUBJ-0112,Taylor Lopez
SUBJ-0113,Cameron Hayes
SUBJ-0114,Emerson Lopez
SUBJ-0115,Skyler Lopez
SUBJ-0116,Avery Nguyen
SUBJ-0117,Cameron Hayes
SUBJ-0118,Jamie Foster
SUBJ-0119,Avery Nguyen
SUBJ-0120,Riley Carter
SUBJ-0121,Morgan Foster
SUBJ-0122,Rowan Irwin
SUBJ-0123,Rowan Singh
SUBJ-0124,Hayden Irwin
SUBJ-0125,Jamie Reyes
SUBJ-0126,Skyler Nguyen
SUBJ-0127,Alex Reyes
SUBJ-0128,Taylor Hayes
SUBJ-0129,Skyler Reyes
SUBJ-0130,Alex Patel
SUBJ-0131,Morgan Lopez
SUBJ-0132,Rowan Diaz
SUBJ-0133,Cameron Singh
SUBJ-0134,Taylor Grant
SUBJ-0135,Alex Hayes
SUBJ-0136,Cameron Bennett
SUBJ-0137,Reese Foster
SUBJ-0138,Drew Irwin
SUBJ-0139,Alex Kim
SUBJ-0140,Avery Irwin
SUBJ-0141,Casey Lopez
SUBJ-0142,Avery Bennett
SUBJ-0143,Skyler Nguyen
SUBJ-0144,Hayden Nguyen
SUBJ-0145,Casey Nguyen
SUBJ-0146,Avery Kim
SUBJ-0147,Taylor Lopez
SUBJ-0148,Quinn Carter
SUBJ-0149,Reese Patel
SUBJ-0150,Skyler Kim
SUBJ-0151,Jamie Irwin
SUBJ-0152,Hayden Ortiz
SUBJ-0153,Quinn Patel
SUBJ-0154,Cameron Lopez
SUBJ-0155,Jamie Nguyen
SUBJ-0156,Avery Kim
SUBJ-0157,Taylor Foster
SUBJ-0158,Rowan Nguyen
SUBJ-0159,Morgan Carter
SUBJ-0160,Jamie Moore
SUBJ-0161,Skyler Patel
SUBJ-0162,Alex Carter
SUBJ-0163,Emerson Reyes
SUBJ-0164,Casey Moore
SUBJ-0165,Hayden Ortiz
SUBJ-0166,Jamie Irwin
SUBJ-0167,Avery Diaz
SUBJ-0168,Skyler Bennett
SUBJ-0169,Alex Singh
SUBJ-0170,Taylor Nguyen
SUBJ-0171,Morgan Bennett
SUBJ-0172,Alex Hayes
SUBJ-0173,Skyler Hayes
SUBJ-0174,Riley Hayes
SUBJ-0175,Rowan Jensen
SUBJ-0176,Casey Diaz
SUBJ-0177,Rowan Lopez
SUBJ-0178,Jamie Foster
SUBJ-0179,Hayden Diaz
SUBJ-0180,Rowan Diaz
SUBJ-0181,Skyler Singh
SUBJ-0182,Casey Carter
SUBJ-0183,Hayden Jensen
SUBJ-0184,Reese Hayes
SUBJ-0185,Avery Ortiz
SUBJ-0186,Casey Bennett
SUBJ-0187,Riley Reyes
SUBJ-0188,Rowan Grant
SUBJ-0189,Drew Foster
SUBJ-0190,Jordan Reyes
SUBJ-0191,Taylor Jensen
SUBJ-0192,Taylor Bennett
SUBJ-0193,Jamie Kim
SUBJ-0194,Alex Ortiz
SUBJ-0195,Drew Carter
SUBJ-0196,Jordan Moore
SUBJ-0197,Casey Ortiz
SUBJ-0198,Casey Bennett
SUBJ-0199,Casey Ortiz
SUBJ-0200,Avery Lopez
