subject_id,first_name,last_name,site_id,enroll_year,enroll_month,enroll_day,height_cm,full_name,first_visit_date,status
SUBJ-0001,Jamie,Nguyen,SITE-07,2021,5,15,169.7,Jamie Nguyen,2021-05-15,Active
SUBJ-0002,Riley,Jensen,SITE-01,2021,10,5,166.3,Riley Jensen,2021-10-05,Active
SUBJ-0003,Rowan,Singh,SITE-07,2021,10,28,174.5,Rowan Singh,2021-10-28,Active
SUBJ-0004,Reese,Diaz,SITE-04,2021,6,9,165.3,Reese Diaz,2021-06-09,Active
SUBJ-0005,Jamie,Singh,SITE-03,2021,2,19,179.5,Jamie Singh,2021-02-19,Active
SUBJ-0006,Quinn,Nguyen,SITE-01,2021,1,18,170.6,Quinn Nguyen,2021-01-18,Active
SUBJ-0007,Morgan,Foster,SITE-02,2021,4,16,158.8,Morgan Foster,2021-04-16,Active
SUBJ-0008,Riley,Kim,SITE-08,2021,11,13,169.8,Riley Kim,2021-11-13,Active
SUBJ-0009,Hayden,Nguyen,SITE-08,2021,7,14,161.4,Hayden Nguyen,2021-07-14,Active
SUBJ-0010,Riley,Carter,SITE-07,2021,7,15,176.5,Riley Carter,2021-07-15,Active
SUBJ-0011,Avery,Irwin,SITE-03,2021,10,23,180.8,Avery Irwin,2021-10-23,Active
SUBJ-0012,Riley,Reyes,SITE-04,2021,6,12,178.2,Riley Reyes,2021-06-12,Active
SUBJ-0013,Rowan,Foster,SITE-05,2021,1,20,175.7,Rowan Foster,2021-01-20,Active
SUBJ-0014,Casey,Reyes,SITE-05,2021,2,9,158.7,Casey Reyes,2021-02-09,Active
SUBJ-0015,Emerson,Carter,SITE-03,2021,8,9,180,Emerson Carter,2021-08-09,Active
SUBJ-0016,Jamie,Nguyen,SITE-08,2021,2,22,163.1,Jamie Nguyen,2021-02-22,Active
SUBJ-0017,Cameron,Moore,SITE-07,2021,8,21,165,Cameron Moore,2021-08-21,Active
SUBJ-0018,Jamie,Nguyen,SITE-01,2021,1,5,193.2,Jamie Nguyen,2021-01-05,Active
SUBJ-0019,Quinn,Ortiz,SITE-07,2021,5,26,166.8,Quinn Ortiz,2021-05-26,Active
SUBJ-0020,Taylor,Carter,SITE-04,2021,7,23,172.9,Taylor Carter,2021-07-23,Active
SUBJ-0021,Quinn,Moore,SITE-02,2021,9,20,180.2,Quinn Moore,2021-09-20,Active
SUBJ-0022,Jordan,Bennett,SITE-01,2021,9,17,185.3,Jordan Bennett,2021-09-17,Active
SUBJ-0023,Avery,Reyes,SITE-03,2021,1,23,166.9,Avery Reyes,2021-01-23,Active
SUBJ-0024,Quinn,Bennett,SITE-06,2021,11,17,163.7,Quinn Bennett,2021-11-17,Active
SUBJ-0025,Skyler,Nguyen,SITE-07,2021,1,24,170.8,Skyler Nguyen,2021-01-24,Active
SUBJ-0026,Taylor,Singh,SITE-07,2021,3,25,173.8,Taylor Singh,2021-03-25,Active
SUBJ-0027,Rowan,Jensen,SITE-04,2021,10,11,190.9,Rowan Jensen,2021-10-11,Active
SUBJ-0028,Drew,Reyes,SITE-03,2021,10,20,161.9,Drew Reyes,2021-10-20,Active
SUBJ-0029,Reese,Lopez,SITE-04,2021,11,28,173,Reese Lopez,2021-11-28,Active
SUBJ-0030,Morgan,Singh,SITE-07,2021,12,24,163.6,Morgan Singh,2021-12-24,Active
SUBJ-0031,Casey,Moore,SITE-06,2021,11,21,181.2,Casey Moore,2021-11-21,Active
SUBJ-0032,Riley,Jensen,SITE-07,2021,5,8,169.2,Riley Jensen,2021-05-08,Active
SUBJ-0033,Emerson,Hayes,SITE-04,2021,1,24,174.2,Emerson Hayes,2021-01-24,Active
SUBJ-0034,Hayden,Jensen,SITE-03,2021,10,10,163.8,Hayden Jensen,2021-10-10,Active
SUBJ-0035,Jordan,Lopez,SITE-05,2021,5,17,187.1,Jordan Lopez,2021-05-17,Active
SUBJ-0036,Taylor,Patel,SITE-05,2021,8,26,159.3,Taylor Patel,2021-08-26,Active
SUBJ-0037,Morgan,Foster,SITE-06,2021,9,22,181.1,Morgan Foster,2021-09-22,Active
SUBJ-0038,Casey,Moore,SITE-01,2021,7,15,194.1,Casey Moore,2021-07-15,Active
SUBJ-0039,Riley,Nguyen,SITE-01,2021,11,5,147,Riley Nguyen,2021-11-05,Active
SUBJ-0040,Casey,Kim,SITE-01,2021,3,24,170.9,Casey Kim,2021-03-24,Active
SUBJ-0041,Cameron,Patel,SITE-08,2021,5,27,175.5,Cameron Patel,2021-05-27,Active
SUBJ-0042,Emerson,Kim,SITE-06,2021,12,18,158.8,Emerson Kim,2021-12-18,Active
SUBJ-0043,Riley,Ortiz,SITE-05,2021,2,3,175.7,Riley Ortiz,2021-02-03,Active
SUBJ-0044,Jordan,Hayes,SITE-04,2021,1,2,182,Jordan Hayes,2021-01-02,Active
SUBJ-0045,Avery,Singh,SITE-01,2021,2,12,177.3,Avery Singh,2021-02-12,Active
SUBJ-0046,Avery,Grant,SITE-06,2021,12,4,163,Avery Grant,2021-12-04,Active
SUBJ-0047,Jordan,Singh,SITE-04,2021,4,8,178.3,Jordan Singh,2021-04-08,Active
SUBJ-0048,Riley,Reyes,SITE-02,2021,1,4,156.2,Riley Reyes,2021-01-04,Active
SUBJ-0049,Riley,Jensen,SITE-07,2021,4,16,163.8,Riley Jensen,2021-04-16,Active
SUBJ-0050,Riley,Patel,SITE-06,2021,9,6,184.5,Riley Patel,2021-09-06,Active
SUBJ-0051,Emerson,Irwin,SITE-07,2021,7,20,156.7,Emerson Irwin,2021-07-20,Active
SUBJ-0052,Emerson,Ortiz,SITE-05,2021,4,5,179.7,Emerson Ortiz,2021-04-05,Active
SUBJ-0053,Jordan,Irwin,SITE-04,2021,12,11,162.7,Jordan Irwin,2021-12-11,Active
SUBJ-0054,Skyler,Nguyen,SITE-01,2021,2,27,157.8,Skyler Nguyen,2021-02-27,Active
SUBJ-0055,Riley,Foster,SITE-06,2021,5,28,178,Riley Foster,2021-05-28,Active
SUBJ-0056,Avery,Irwin,SITE-04,2021,3,7,167.3,Avery Irwin,2021-03-07,Active
SUBJ-0057,Jordan,Hayes,SITE-06,2021,2,4,152,Jordan Hayes,2021-02-04,Active
SUBJ-0058,Hayden,Moore,SITE-04,2021,4,4,169,Hayden Moore,2021-04-04,Active
SUBJ-0059,Emerson,Singh,SITE-04,2021,2,23,174,Emerson Singh,2021-02-23,Active
SUBJ-0060,Alex,Patel,SITE-08,2021,5,15,173.4,Alex Patel,2021-05-15,Active
SUBJ-0061,Drew,Hayes,SITE-04,2021,11,13,181.6,Drew Hayes,2021-11-13,Active
SUBJ-0062,Alex,Reyes,SITE-06,2021,9,26,161.7,Alex Reyes,2021-09-26,Active
SUBJ-0063,Riley,Singh,SITE-01,2021,1,23,174.7,Riley Singh,2021-01-23,Active
SUBJ-0064,Casey,Carter,SITE-07,2021,8,7,169.3,Casey Carter,2021-08-07,Active
SUBJ-0065,Morgan,Bennett,SITE-06,2021,9,4,178.9,Morgan Bennett,2021-09-04,Active
SUBJ-0066,Morgan,Nguyen,SITE-02,2021,12,24,167.8,Morgan Nguyen,2021-12-24,Active
SUBJ-0067,Rowan,Ortiz,SITE-05,2021,6,15,163.2,Rowan Ortiz,2021-06-15,Active
SUBJ-0068,Drew,Carter,SITE-08,2021,9,8,162.8,Drew Carter,2021-09-08,Active
SUBJ-0069,Taylor,Grant,SITE-02,2021,3,1,148.1,Taylor Grant,2021-03-01,Active
SUBJ-0070,Taylor,Grant,SITE-03,2021,10,21,163.5,Taylor Grant,2021-10-21,Active
SUBJ-0071,Jordan,Singh,SITE-08,2021,11,26,162.2,Jordan Singh,2021-11-26,Active
SUBJ-0072,Alex,Bennett,SITE-03,2021,1,16,167.7,Alex Bennett,2021-01-16,Active
SUBJ-0073,Drew,Ortiz,SITE-05,2021,1,14,157.1,Drew Ortiz,2021-01-14,Active
SUBJ-0074,Reese,Carter,SITE-06,2021,9,9,175.1,Reese Carter,2021-09-09,Active
SUBJ-0075,Cameron,Jensen,SITE-03,2021,9,19,176,Cameron Jensen,2021-09-19,Active
SUBJ-0076,Cameron,Diaz,SITE-02,2021,8,19,170,Cameron Diaz,2021-08-19,Active
SUBJ-0077,Emerson,Nguyen,SITE-07,2021,2,4,187.3,Emerson Nguyen,2021-02-04,Active
SUBJ-0078,Emerson,Jensen,SITE-01,2021,10,25,181,Emerson Jensen,2021-10-25,Active
SUBJ-0079,Alex,Singh,SITE-08,2021,4,20,168.2,Alex Singh,2021-04-20,Active
SUBJ-0080,Cameron,Reyes,SITE-03,2021,12,8,162.5,Cameron Reyes,2021-12-08,Active
SUBJ-0081,Skyler,Foster,SITE-03,2021,3,6,153.3,Skyler Foster,2021-03-06,Active
SUBJ-0082,Avery,Hayes,SITE-04,2021,5,8,178.2,Avery Hayes,2021-05-08,Active
SUBJ-0083,Drew,Bennett,SITE-07,2021,9,13,165.5,Drew Bennett,2021-09-13,Active
SUBJ-0084,Avery,Bennett,SITE-03,2021,4,14,140.8,Avery Bennett,2021-04-14,Active
SUBJ-0085,Alex,Moore,SITE-05,2021,5,15,176.5,Alex Moore,2021-05-15,Active
SUBJ-0086,Morgan,Jensen,SITE-02,2021,6,16,172.9,Morgan Jensen,2021-06-16,Active
SUBJ-0087,Riley,Jensen,SITE-03,2021,2,8,191.1,Riley Jensen,2021-02-08,Active
SUBJ-0088,Rowan,Ortiz,SITE-02,2021,5,23,174.8,Rowan Ortiz,2021-05-23,Active
SUBJ-0089,Rowan,Carter,SITE-05,2021,4,9,172.5,Rowan Carter,2021-04-09,Active
SUBJ-0090,Emerson,Ortiz,SITE-07,2021,6,3,184.9,Emerson Ortiz,2021-06-03,Active
SUBJ-0091,Jordan,Kim,SITE-01,2021,7,20,154.5,Jordan Kim,2021-07-20,Active
SUBJ-0092,Cameron,Irwin,SITE-05,2021,12,9,163.1,Cameron Irwin,2021-12-09,Active
SUBJ-0093,Taylor,Irwin,SITE-08,2021,5,17,167.5,Taylor Irwin,2021-05-17,Active
SUBJ-0094,Hayden,Reyes,SITE-03,2021,1,7,160.8,Hayden Reyes,2021-01-07,Active
SUBJ-0095,Quinn,Bennett,SITE-06,2021,6,9,168.4,Quinn Bennett,2021-06-09,Active
SUBJ-0096,Jordan,Irwin,SITE-06,2021,11,6,187.2,Jordan Irwin,2021-11-06,Active
SUBJ-0097,Casey,Jensen,SITE-07,2021,12,23,157.6,Casey Jensen,2021-12-23,Active
SUBJ-0098,Emerson,Irwin,SITE-04,2021,2,7,170,Emerson Irwin,2021-02-07,Active
SUBJ-0099,Reese,Irwin,SITE-03,2021,4,16,161.6,Reese Irwin,2021-04-16,Active
SUBJ-0100,Rowan,Diaz,SITE-06,2021,4,25,159.3,Rowan Diaz,2021-04-25,Active
SUBJ-0101,Riley,Grant,SITE-05,2021,2,4,180.2,Riley Grant,2021-02-04,Active
SUBJ-0102,Quinn,Grant,SITE-04,2021,6,28,176.7,Quinn Grant,2021-06-28,Active
SUBJ-0103,Riley,Carter,SITE-03,2021,7,6,162.6,Riley Carter,2021-07-06,Active
SUBJ-0104,Riley,Patel,SITE-02,2021,8,11,174,Riley Patel,2021-08-11,Active
SUBJ-0105,Drew,Patel,SITE-02,2021,7,3,187.6,Drew Patel,2021-07-03,Active
SUBJ-0106,Avery,Bennett,SITE-01,2021,1,6,187.5,Avery Bennett,2021-01-06,Active
SUBJ-0107,Quinn,Jensen,SITE-06,2021,8,27,159.1,Quinn Jensen,2021-08-27,Active
SUBJ-0108,Skyler,Diaz,SITE-01,2021,4,1,174.5,Skyler Diaz,2021-04-01,Active
SUBJ-0109,Alex,Grant,SITE-05,2021,1,22,149.7,Alex Grant,2021-01-22,Active
SUBJ-0110,Rowan,Hayes,SITE-01,2021,9,28,162.6,Rowan Hayes,2021-09-28,Active
SUBJ-0111,Casey,Moore,SITE-07,2021,9,24,163.7,Casey Moore,2021-09-24,Active
SUBJ-0112,Taylor,Lopez,SITE-05,2021,3,12,167.8,Taylor Lopez,2021-03-12,Active
SUBJ-0113,Cameron,Hayes,SITE-08,2021,8,11,173.6,Cameron Hayes,2021-08-11,Active
SUBJ-0114,Emerson,Lopez,SITE-03,2021,6,6,178,Emerson Lopez,2021-06-06,Active
SUBJ-0115,Skyler,Lopez,SITE-05,2021,7,26,179,Skyler Lopez,2021-07-26,Active
SUBJ-0116,Avery,Nguyen,SITE-01,2021,9,26,173.7,Avery Nguyen,2021-09-26,Active
SUBJ-0117,Cameron,Hayes,SITE-05,2021,11,7,158.5,Cameron Hayes,2021-11-07,Active
SUBJ-0118,Jamie,Foster,SITE-06,2021,11,13,178.7,Jamie Foster,2021-11-13,Active
SUBJ-0119,Avery,Nguyen,SITE-06,2021,10,23,184.7,Avery Nguyen,2021-10-23,Active
SUBJ-0120,Riley,Carter,SITE-03,2021,7,11,165.3,Riley Carter,2021-07-11,Active
SUBJ-0121,Morgan,Foster,SITE-05,2021,12,4,159.9,Morgan Foster,2021-12-04,Active
SUBJ-0122,Rowan,Irwin,SITE-08,2021,4,12,162.7,Rowan Irwin,2021-04-12,Active
SUBJ-0123,Rowan,Singh,SITE-06,2021,5,9,184.4,Rowan Singh,2021-05-09,Active
SUBJ-0124,Hayden,Irwin,SITE-07,2021,7,19,172.8,Hayden Irwin,2021-07-19,Active
SUBJ-0125,Jamie,Reyes,SITE-05,2021,1,19,198.1,Jamie Reyes,2021-01-19,Active
SUBJ-0126,Skyler,Nguyen,SITE-05,2021,10,19,159.1,Skyler Nguyen,2021-10-19,Active
SUBJ-0127,Alex,Reyes,SITE-08,2021,11,4,170,Alex Reyes,2021-11-04,Active
SUBJ-0128,Taylor,Hayes,SITE-05,2021,3,6,187.3,Taylor Hayes,2021-03-06,Active
SUBJ-0129,Skyler,Reyes,SITE-06,2021,10,19,166.6,Skyler Reyes,2021-10-19,Active
SUBJ-0130,Alex,Patel,SITE-06,2021,3,26,175.9,Alex Patel,2021-03-26,Active
SUBJ-0131,Morgan,Lopez,SITE-08,2021,11,26,158.7,Morgan Lopez,2021-11-26,Active
SUBJ-0132,Rowan,Diaz,SITE-05,2021,1,8,161.2,Rowan Diaz,2021-01-08,Active
SUBJ-0133,Cameron,Singh,SITE-08,2021,12,14,162.8,Cameron Singh,2021-12-14,Active
SUBJ-0134,Taylor,Grant,SITE-01,2021,2,5,183.5,Taylor Grant,2021-02-05,Active
SUBJ-0135,Alex,Hayes,SITE-08,2021,10,10,175.2,Alex Hayes,2021-10-10,Active
SUBJ-0136,Cameron,Bennett,SITE-06,2021,4,22,162.2,Cameron Bennett,2021-04-22,Active
SUBJ-0137,Reese,Foster,SITE-02,2021,7,2,170.8,Reese Foster,2021-07-02,Active
SUBJ-0138,Drew,Irwin,SITE-03,2021,5,2,184.6,Drew Irwin,2021-05-02,Active
SUBJ-0139,Alex,Kim,SITE-01,2021,3,28,181.2,Alex Kim,2021-03-28,Active
SUBJ-0140,Avery,Irwin,SITE-08,2021,12,18,167.7,Avery Irwin,2021-12-18,Active
SUBJ-0141,Casey,Lopez,SITE-01,2021,1,20,160.4,Casey Lopez,2021-01-20,Active
SUBJ-0142,Avery,Bennett,SITE-03,2021,4,28,178.8,Avery Bennett,2021-04-28,Active
SUBJ-0143,Skyler,Nguyen,SITE-05,2021,7,3,176.8,Skyler Nguyen,2021-07-03,Active
SUBJ-0144,Hayden,Nguyen,SITE-01,2021,2,4,180.4,Hayden Nguyen,2021-02-04,Active
SUBJ-0145,Casey,Nguyen,SITE-07,2021,7,28,178.9,Casey Nguyen,2021-07-28,Active
SUBJ-0146,Avery,Kim,SITE-03,2021,7,23,182.2,Avery Kim,2021-07-23,Active
SUBJ-0147,Taylor,Lopez,SITE-07,2021,4,25,170.3,Taylor Lopez,2021-04-25,Active
SUBJ-0148,Quinn,Carter,SITE-07,2021,1,5,167.2,Quinn Carter,2021-01-05,Active
SUBJ-0149,Reese,Patel,SITE-05,2021,4,28,159.4,Reese Patel,2021-04-28,Active
SUBJ-0150,Skyler,Kim,SITE-02,2021,11,16,157.4,Skyler Kim,2021-11-16,Active
SUBJ-0151,Jamie,Irwin,SITE-08,2021,10,21,191.6,Jamie Irwin,2021-10-21,Active
SUBJ-0152,Hayden,Ortiz,SITE-07,2021,12,21,175.2,Hayden Ortiz,2021-12-21,Active
SUBJ-0153,Quinn,Patel,SITE-06,2021,6,18,147.8,Quinn Patel,2021-06-18,Active
SUBJ-0154,Cameron,Lopez,SITE-01,2021,5,3,158.9,Cameron Lopez,2021-05-03,Active
SUBJ-0155,Jamie,Nguyen,SITE-03,2021,8,13,170.3,Jamie Nguyen,2021-08-13,Active
SUBJ-0156,Avery,Kim,SITE-05,2021,5,11,166.1,Avery Kim,2021-05-11,Active
SUBJ-0157,Taylor,Foster,SITE-08,2021,2,23,185.6,Taylor Foster,2021-02-23,Active
SUBJ-0158,Rowan,Nguyen,SITE-02,2021,8,9,172.1,Rowan Nguyen,2021-08-09,Active
SUBJ-0159,Morgan,Carter,SITE-06,2021,6,3,172.6,Morgan Carter,2021-06-03,Active
SUBJ-0160,Jamie,Moore,SITE-07,2021,2,9,161.5,Jamie Moore,2021-02-09,Active
SUBJ-0161,Skyler,Patel,SITE-01,2021,4,2,173.3,Skyler Patel,2021-04-02,Active
SUBJ-0162,Alex,Carter,SITE-08,2021,4,15,172.1,Alex Carter,2021-04-15,Active
SUBJ-0163,Emerson,Reyes,SITE-03,2021,2,7,163.5,Emerson Reyes,2021-02-07,Active
SUBJ-0164,Casey,Moore,SITE-04,2021,7,7,170.5,Casey Moore,2021-07-07,Active
SUBJ-0165,Hayden,Ortiz,SITE-03,2021,10,18,182.5,Hayden Ortiz,2021-10-18,Active
SUBJ-0166,Jamie,Irwin,SITE-03,2021,11,3,169.5,Jamie Irwin,2021-11-03,Active
SUBJ-0167,Avery,Diaz,SITE-02,2021,9,26,172,Avery Diaz,2021-09-26,Active
SUBJ-0168,Skyler,Bennett,SITE-06,2021,8,11,156.1,Skyler Bennett,2021-08-11,Active
SUBJ-0169,Alex,Singh,SITE-08,2021,4,5,154,Alex Singh,2021-04-05,Active
SUBJ-0170,Taylor,Nguyen,SITE-03,2021,11,17,172,Taylor Nguyen,2021-11-17,Active
SUBJ-0171,Morgan,Bennett,SITE-04,2021,5,11,176.1,Morgan Bennett,2021-05-11,Active
SUBJ-0172,Alex,Hayes,SITE-05,2021,5,5,158.1,Alex Hayes,2021-05-05,Active
SUBJ-0173,Skyler,Hayes,SITE-04,2021,12,4,166.8,Skyler Hayes,2021-12-04,Active
SUBJ-0174,Riley,Hayes,SITE-08,2021,7,4,170.3,Riley Hayes,2021-07-04,Active
SUBJ-0175,Rowan,Jensen,SITE-08,2021,1,11,166.4,Rowan Jensen,2021-01-11,Active
SUBJ-0176,Casey,Diaz,SITE-06,2021,1,9,175.9,Casey Diaz,2021-01-09,Active
SUBJ-0177,Rowan,Lopez,SITE-04,2021,11,16,169.6,Rowan Lopez,2021-11-16,Active
SUBJ-0178,Jamie,Foster,SITE-07,2021,9,3,165.3,Jamie Foster,2021-09-03,Active
SUBJ-0179,Hayden,Diaz,SITE-06,2021,5,24,191.5,Hayden Diaz,2021-05-24,Active
SUBJ-0180,Rowan,Diaz,SITE-01,2021,2,11,162,Rowan Diaz,2021-02-11,Active
SUBJ-0181,Skyler,Singh,SITE-07,2021,1,15,155.3,Skyler Singh,2021-01-15,Active
SUBJ-0182,Casey,Carter,SITE-07,2021,3,28,174.4,Casey Carter,2021-03-28,Active
SUBJ-0183,Hayden,Jensen,SITE-07,2021,10,11,180.6,Hayden Jensen,2021-10-11,Active
SUBJ-0184,Reese,Hayes,SITE-01,2021,3,14,159.2,Reese Hayes,2021-03-14,Active
SUBJ-0185,Avery,Ortiz,SITE-04,2021,3,9,188.4,Avery Ortiz,2021-03-09,Active
SUBJ-0186,Casey,Bennett,SITE-08,2021,12,19,175.9,Casey Bennett,2021-12-19,Active
SUBJ-0187,Riley,Reyes,SITE-01,2021,5,24,167.3,Riley Reyes,2021-05-24,Active
SUBJ-0188,Rowan,Grant,SITE-07,2021,11,27,189.3,Rowan Grant,2021-11-27,Active
SUBJ-0189,Drew,Foster,SITE-08,2021,3,28,153.2,Drew Foster,2021-03-28,Active
SUBJ-0190,Jordan,Reyes,SITE-01,2021,10,19,166.2,Jordan Reyes,2021-10-19,Active
SUBJ-0191,Taylor,Jensen,SITE-05,2021,6,26,166.6,Taylor Jensen,2021-06-26,Active
SUBJ-0192,Taylor,Bennett,SITE-01,2021,7,17,170.6,Taylor Bennett,2021-07-17,Active
SUBJ-0193,Jamie,Kim,SITE-07,2021,7,9,161.5,Jamie Kim,2021-07-09,Active
SUBJ-0194,Alex,Ortiz,SITE-05,2021,8,3,161.2,Alex Ortiz,2021-08-03,Active
SUBJ-0195,Drew,Carter,SITE-07,2021,6,17,166.1,Drew Carter,2021-06-17,Active
SUBJ-0196,Jordan,Moore,SITE-06,2021,1,28,178.8,Jordan Moore,2021-01-28,Active
SUBJ-0197,Casey,Ortiz,SITE-08,2021,2,7,160.1,Casey Ortiz,2021-02-07,Active
SUBJ-0198,Casey,Bennett,SITE-01,2021,9,20,159.9,Casey Bennett,2021-09-20,Active
SUBJ-0199,Casey,Ortiz,SITE-03,2021,8,17,152.9,Casey Ortiz,2021-08-17,Active
SUBJ-0200,Avery,Lopez,SITE-04,2021,1,27,191.9,Avery Lopez,2021-01-27,Active
